{"cameraMode":{"drawMode":0,"name":"Shaded","section":"Shading Mode"},"sceneLighting":true,"audioPlay":false,"sceneViewState":{"showFog":true,"showMaterialUpdate":false,"showSkybox":true,"showFlares":true,"showImageEffects":true,"showParticleSystems":true},"in2DMode":false,"pivot":{"x":-6.017063140869141,"y":3.531092643737793,"z":0.19246967136859895},"rotation":{"x":-0.08279453963041306,"y":0.18191905319690705,"z":-0.015374050475656987,"w":-0.9797013401985169},"size":28.996740341186525,"orthographic":false}